<?xml version="1.0" encoding="UTF-8"?>
<beans:beans xmlns="http://www.springframework.org/schema/mvc"
	xmlns:xsi="http://www.w3.org/2001/XMLSchema-instance"
	xmlns:beans="http://www.springframework.org/schema/beans"
	xmlns:context="http://www.springframework.org/schema/context"
	xsi:schemaLocation="http://www.springframework.org/schema/mvc https://www.springframework.org/schema/mvc/spring-mvc.xsd
		http://www.springframework.org/schema/beans https://www.springframework.org/schema/beans/spring-beans.xsd
		http://www.springframework.org/schema/context https://www.springframework.org/schema/context/spring-context.xsd">

	<!-- DispatcherServlet Context: defines this servlet's request-processing infrastructure -->
	
	<!-- Enables the Spring MVC @Controller programming model -->
	<annotation-driven />

	<!-- Handles HTTP GET requests for /resources/** by efficiently serving up static resources in the ${webappRoot}/resources directory -->
	<resources mapping="/resources/**" location="/resources/" />

	<!-- Resolves views selected for rendering by @Controllers to .jsp resources in the /WEB-INF/views directory -->
	<beans:bean class="org.springframework.web.servlet.view.InternalResourceViewResolver">
		<beans:property name="prefix" value="/WEB-INF/views/" />
		<beans:property name="suffix" value=".jsp" />
	</beans:bean>
	
	<!-- 추가 -->
	<!-- 파일 업로드 설정 -->
	<beans:bean id="multipartResolver" class="org.springframework.web.multipart.commons.CommonsMultipartResolver">
		<beans:property name="maxUploadSize" value="52428800" />
		<beans:property name="defaultEncoding" value="utf-8" />
	</beans:bean>
	<!-- 썸네일 설정 -->
	<!-- 업로드 패스 설정 --> 
	<beans:bean class="java.lang.String" id="uploadPath">
		<beans:constructor-arg value="D:\KG\projectspace\.metadata\.plugins\org.eclipse.wst.server.core\tmp0\wtpwebapps\myboard02\resources" />
	</beans:bean>

	<!-- 일반 파일 업로드 경로 -->
	<resources mapping="/imgUpload/**" location="/resources/imgUpload/" />
	
	<!-- 추가 -->
	<!-- 로그인 -->
	<beans:bean id="naverLoginBO" class="com.test.board.login.NaverLoginBO" />
   <beans:bean id="kakaoService" class="com.test.board.login.KakaoService" />
	<!-- 회원가입 -->
	<beans:bean id="registerDao" class="com.test.board.dao.RegisterDaoImpl" />
	<!-- controller 어노테이션만 스캔 -->
	<context:component-scan base-package="com.test.board" >
		<context:include-filter type="annotation" expression="org.springframework.stereotype.Controller"/>
	</context:component-scan>
	
</beans:beans>
