<?xml version="1.0" encoding="UTF-8"?> 
<!DOCTYPE mapper PUBLIC "-//mybatis.org//DTD Mapper 3.0//EN" "http://mybatis.org/dtd/mybatis-3-mapper.dtd">
<mapper	namespace="com.test.board.mappers.messageMapper">

	<!-- 쪽지 쿼리 -->
	<insert id="msgInsert"> 
		insert into MESSAGE (msg_id, cid, msg_title, msg_text, msg_writer, msg_date)
		values (msg_seq.nextval, #{board_seq}, #{msg_title}, #{msg_text}, #{msg_writer}, sysdate)
	</insert>
	
	<select id="msgSelect" resultMap="MessageResultMap"> 
		select "MSG_SEQ", "BOARD_SEQ", "MSG_TITLE", "MSG_TEXT", "MSG_WRITER", "MSG_DATE"
		from MESSAGE where MSG_SEQ = #{msg_seq}
	</select>
	
	<delete id="msgDelete"> 
		delete from MESSAGE where "MSG_SEQ" = #{msg_seq}
	</delete>
	
	<select id="msgList" resultType="MessageVO"> 
	<![CDATA[ select "MSG_SEQ", "BOARD_SEQ", "MSG_TITLE", "MSG_TEXT", "MSG_WRITER", "MSG_DATE"
				from MESSAGE where "BOARD_SEQ" = #{board_seq} order by "MSG_SEQ" desc, "MSG_DATE" desc ]]>
	</select>



	<resultMap id="MessageResultMap" type="MessageVO">
		<id property="msg_id" column="msg_id" />
		<id property="uid" column="uid" />
		<result property="recipient" column="recipient" />
		<result property="sender" column="sender" />
		<result property="msg_content" column="msg_content" />
		<result property="msg_title" column="msg_title" />
		<result property="msgdate" column="msgdate" />
	</resultMap>

</mapper>

