<?xml version="1.0" encoding="UTF-8"?>
<beans xmlns="http://www.springframework.org/schema/beans"
	xmlns:xsi="http://www.w3.org/2001/XMLSchema-instance"
	xmlns:tx="http://www.springframework.org/schema/tx"
	xmlns:context="http://www.springframework.org/schema/context"
	xsi:schemaLocation="http://www.springframework.org/schema/beans https://www.springframework.org/schema/beans/spring-beans.xsd
		http://www.springframework.org/schema/context http://www.springframework.org/schema/context/spring-context-4.1.xsd
		http://www.springframework.org/schema/tx http://www.springframework.org/schema/tx/spring-tx-4.1.xsd">

	<!-- Root Context: defines shared resources visible to all other web components -->
	<!-- 추가 -->
	<bean id="dataSource" class="com.mchange.v2.c3p0.ComboPooledDataSource" destroy-method="close">
		<property name="driverClass" value="oracle.jdbc.driver.OracleDriver" />
		<property name="jdbcUrl" value="jdbc:oracle:thin:@localhost:1521:xe" />
		<property name="user" value="c##gogobigzzo" />
		<property name="password" value="1234"></property>
	</bean>

	<bean id="transactionManager" class="org.springframework.jdbc.datasource.DataSourceTransactionManager">
		<property name="dataSource" ref="dataSource" />
	</bean>

	<tx:annotation-driven transaction-manager="transactionManager" />

	<!-- navermail설정 -->
	<bean id="mailSender" class="org.springframework.mail.javamail.JavaMailSenderImpl">
		<property name="host" value="smtp.naver.com" /> 			<!-- 메이서버 호스트 -->
		<property name="port" value="465" /> 						<!-- 메이서버 포트번호 -->
		<property name="username" value="tkstjd565@naver.com" /> 	<!-- 자신의 이메일 아이디 -->
		<property name="password" value="4dnjf7dlf" /> 				<!-- 자신의 비밀번호 -->

		<!-- 보안연결 SSL과 관련된 설정 -->
		<property name="javaMailProperties">
			<props>
				<prop key="mail.smtp.auth">true</prop>
				<prop key="mail.smtp.starttls.enable">true</prop>
				<prop key="mail.smtp.ssl.enable">true</prop>
				<prop key="mail.smtps.checkserveridentity">true</prop>
				<prop key="mail.smtps.ssl.trust">*</prop>
				<prop key="mail.debug">true</prop>
				<prop key="mail.smtp.socketFactory.class">javax.net.ssl.SSLSocketFactory</prop>
			</props>
		</property>
	</bean>

	<!-- SqlSessionFactory 설정 - 위의 dataSource객체를 사용하여 데이터베이스 접속 -->
	<bean id="sqlSessionFactory" class="org.mybatis.spring.SqlSessionFactoryBean">
		<property name="dataSource" ref="dataSource" />
		<property name="configLocation"	value="classpath:/mybatis-config.xml" />
		<property name="mapperLocations">
			<list>
				<value>classpath:mappers/contentMapper.xml</value>
				
			</list>
		</property>
	</bean>

	<!-- SqlSessionTemplate생성 -->
	<bean id="selSession" class="org.mybatis.spring.SqlSessionTemplate" destroy-method="clearCache">
		<constructor-arg name="sqlSessionFactory" ref="sqlSessionFactory" />
	</bean>

	<!-- controller를 제외한 어노테이션 스캔 -->
	<context:component-scan base-package="com.test.board">
		<context:exclude-filter type="annotation" expression="org.springframework.stereotype.Controller" />
	</context:component-scan>

</beans>